id,first_name,last_name,email,gender,birthdate,country,personal_id,city,town,state
1,Harcourt,Micka,hmicka0@theatlantic.com,Agender,1981-08-29,Argentina,54.367.739,EL CACHI,AREA SIN GOBIERNO,SANTIAGO DEL ESTERO
2,Georgetta,Parsisson,gparsisson1@goo.ne.jp,Female,1982-12-08,Argentina,81.274.483,SAN ROMAN,CORONEL DORREGO,BUENOS AIRES
3,Cleo,Winteringham,cwinteringham2@google.nl,Female,1986-07-12,Argentina,14.053.521,SAN RAMON,SAUCE,CORRIENTES
4,Janaya,Bartlam,jbartlam3@nsw.gov.au,Female,1987-09-22,Argentina,45.683.938,AGUA DE LAS PALOMAS,ACONQUIJA,CATAMARCA
5,Sibeal,Bricket,sbricket4@wiley.com,Female,1981-12-06,Argentina,36.594.852,VILLA GENERAL ROCA,VILLA GENERAL ROCA,SAN LUIS
6,Maren,Ossulton,mossulton5@pcworld.com,Female,1969-01-27,Argentina,39.250.226,HUILLA CATINA,AREA SIN GOBIERNO,SANTIAGO DEL ESTERO
7,Rosette,Opy,ropy6@slate.com,Female,1961-05-12,Argentina,29.000.562,SANTA ROSA,EMPEDRADO,CORRIENTES
8,Kele,Duckerin,kduckerin7@webeden.co.uk,Male,1979-02-18,Argentina,94.869.327,SAN AGUSTIN,RECREO,CATAMARCA
9,Alic,Mussard,amussard8@people.com.cn,Male,1988-05-16,Argentina,84.261.747,VILLA OJO DE AGUA,VILLA OJO DE AGUA,SANTIAGO DEL ESTERO
10,Roseanna,Georgiades,rgeorgiades9@vistaprint.com,Female,1966-12-18,Argentina,11.831.160,PUEBLO VIEJO,SANTA CATALINA,JUJUY
11,Jillie,Epelett,jepeletta@ucoz.ru,Female,1982-07-09,Argentina,73.836.008,LA CAPILLA,APOSTOLES,MISIONES
12,Anya,Le Grand,alegrandb@illinois.edu,Female,1968-04-30,Argentina,56.489.533,COLONIA PAN DE AZUCAR,RAWSON,SAN JUAN
13,Marisa,Milne,mmilnec@shinystat.com,Female,1980-06-30,Argentina,40.611.136,MARULL,MARULL,CORDOBA
14,Derek,Blasing,dblasingd@usnews.com,Genderqueer,1985-09-12,Argentina,03.061.213,COMANDANTE FONTANA,COMANDANTE FONTANA,FORMOSA
15,Gaven,Goldberg,ggoldberge@wikispaces.com,Male,1983-04-12,Argentina,75.165.179,CUARTEL VIII,CHIVILCOY,BUENOS AIRES
16,Bradney,Turbat,bturbatf@sourceforge.net,Genderfluid,1982-05-22,Argentina,25.619.271,BANADO YATAY,PASO DE LOS LIBRES,CORRIENTES
17,Royal,Cartmail,rcartmailg@geocities.com,Genderfluid,1979-09-30,Argentina,69.254.346,SUNCHALES,SUNCHALES,SANTA FE
18,Tabb,Pariso,tparisoh@xing.com,Male,1962-03-15,Argentina,17.825.715,HUEMUL,AREA SIN GOBIERNO,NEUQUEN
19,Pooh,Fransseni,pfranssenii@networksolutions.com,Male,1974-09-20,Argentina,97.076.155,ESTACION MANUELA PEDRAZA,MANUELA PEDRAZA,TUCUMAN
20,Jozef,Fennelly,jfennellyj@gnu.org,Male,1963-10-22,Argentina,51.718.656,CAMPO ASINARI,PAMPAYASTA NORTE,CORDOBA
21,Clark,Hilling,chillingk@typepad.com,Male,1981-05-05,Argentina,07.954.875,CORONEL ROSALES,CORONEL DE MARINA L ROSALES,BUENOS AIRES
22,Demetris,Jiricka,djirickal@virginia.edu,Genderfluid,1970-01-22,Argentina,38.747.228,LA PICADA,LUJAN DE CUYO,MENDOZA
23,Bing,Itzkovsky,bitzkovskym@epa.gov,Male,1975-10-10,Argentina,60.825.804,RAWSON,RAWSON,SAN JUAN
24,Helge,Duffet,hduffetn@chronoengine.com,Female,1986-05-08,Argentina,36.565.068,AGUA BLANCA,EMBARCACION,SALTA
25,Nichole,Sharville,nsharvilleo@craigslist.org,Male,1968-02-27,Argentina,99.637.751,DISTRITO CHILCAS,CHILCAS,ENTRE RIOS
26,Edsel,Catterall,ecatterallp@unblog.fr,Male,1964-03-28,Argentina,67.719.616,VILLA PUEYRREDON,COMUNA 12,CIUDAD DE BUENOS AIRES
27,Roslyn,Soughton,rsoughtonq@photobucket.com,Female,1960-05-04,Argentina,07.329.684,EL SALADILLO,BASAIL,CHACO
28,Karl,Pleass,kpleassr@spotify.com,Male,1974-04-02,Argentina,10.052.422,LA CLOTILDE,LA CLOTILDE,CHACO
29,Alford,Drought,adroughts@i2i.jp,Male,1985-08-12,Argentina,06.982.732,GOBERNADOR JUAN E. MARTINEZ,GOBERNADOR MARTINEZ,CORRIENTES
30,Ewen,Sallery,esalleryt@sohu.com,Male,1963-06-19,Argentina,03.837.678,JARDIN ARENALES,CORDOBA,CORDOBA
